{"camera_matrix": [[2102.373762847884, 0.0, 657.0707762474723], [0.0, 2087.616417050116, 323.80569473051594], [0.0, 0.0, 1.0]], "distortion_coefficients": [[0.43163273382483425, -1.9685172431676583, -0.006035951390265151, -0.024854305717430712, 1.440388139004766]], "new_camera_matrix": [[2147.759033203125, 0.0, 641.7357872251596], [0.0, 2100.038330078125, 322.43706950024716], [0.0, 0.0, 1.0]]}