{
  "Camera Matrix":[
    [
      2240.6513332171294,
      0.0,
      623.897234429305
    ],
    [
      0.0,
      2216.912177809212,
      347.6727759162462
    ],
    [
      0.0,
      0.0,
      1.0
    ]
  ],
  "Distortion Coefficients":[
    [
      0.15174390406157245,
      3.418212910461317,
      -0.005907490696514398,
      -0.03554066800970595,
      -44.02311268945067
    ]
  ],
  "New Camera Matrix":[
    [
      2211.835693359375,
      0.0,
      594.5168258213525
    ],
    [
      0.0,
      2138.966064453125,
      343.4188706264649
    ],
    [
      0.0,
      0.0,
      1.0
    ]
  ]
}